"TenantID","LocationUid","LocationCode","R4E BusinessName","Duplicate BusinessName"
"1524","1216806","1346647526","Bradley Morris, PA","West Chinden Clinic Urgent Care"
"1524","1216806","1346647526","Bradley Morris, PA","Oasis Medical Center"
"1524","1354130","1326357070","Amber Hackenberg, PA-C","Saint Alphonsus Medical Group Eagle Health Plaza Internal Medicine"
"1524","1216810","1952462632","April Storms, RD, CDE","Saint Alphonsus Medical Group Diabetes Care and Education"
"1524","1216810","1952462632","April Storms, RD, CDE","Kathryn E. Connley, NP"
"1524","1216808","1073959193","Lynn Dammarell, RD, CDE","Saint Alphonsus Medical Group Diabetes Care and Education"
"1524","1216808","1073959193","Lynn Dammarell, RD, CDE","Cindy Horrocks, RD, LD, CDE"
"1524","1150459","SA-BCC-BOI","Saint Alphonsus Breast Care Center Boise","Stewart-Greene Jenifer A"
"1524","1150459","SA-BCC-BOI","Saint Alphonsus Breast Care Center Boise","St Alphonsus Medical Group"
"1524","1150459","SA-BCC-BOI","Saint Alphonsus Breast Care Center Boise","Kienzle Judy A"
"1524","1150459","SA-BCC-BOI","Saint Alphonsus Breast Care Center Boise","Oakes David F MD"
"1524","1150459","SA-BCC-BOI","Saint Alphonsus Breast Care Center Boise","Hill Douglas M MD"
"1524","1150459","SA-BCC-BOI","Saint Alphonsus Breast Care Center Boise","Morgan Mary M"
"1524","1150448","NOBGYN6","Nampa OB/GYN","Guillermo M. Guzman-Trevino, MD"
"1524","1150448","NOBGYN6","Nampa OB/GYN","Randall Rudeen, MD"
"1524","1150448","NOBGYN6","Nampa OB/GYN","Maribel Serrano, MD"
"1524","327063","1144335332","Juliana Digiosia, MD","Frances Horton, CNM"
"1524","327063","1144335332","Juliana Digiosia, MD","Dr. Julia Keith Bouchard, MD, OBGYN"
"1524","327063","1144335332","Juliana Digiosia, MD","Rieneke Diane Govreau, CNM"
"1524","327063","1144335332","Juliana Digiosia, MD","Shearer-Depp Alison MD"
"1524","327063","1144335332","Juliana Digiosia, MD","Dr. Christina M. Knutson, MD"
"1524","327063","1144335332","Juliana Digiosia, MD","Jon R. Kattenhorn, MD"
"1524","1150667","1417181207","Ryan Bibler, MD","Dr. Nirmal Biswas Charan, MD, Internal Medicine"
"1524","1150667","1417181207","Ryan Bibler, MD","Rebecca Legg, MD"
"1524","1150667","1417181207","Ryan Bibler, MD","Jennifer Kienlen, NP"
"1524","1150667","1417181207","Ryan Bibler, MD","Beverlee Kay Furner, NP"
"1524","1150667","1417181207","Ryan Bibler, MD","Dr. Anil Patel, MD: Saint Alphonsus Medical Group"
"1524","1150667","1417181207","Ryan Bibler, MD","Megan Rutte, PA"
"1524","1150667","1417181207","Ryan Bibler, MD","Christopher W. Sickel, NP"
"1524","1150667","1417181207","Ryan Bibler, MD","Robyn M. Jones, NP"
"1524","1150667","1417181207","Ryan Bibler, MD","Saint Alphonsus Pulmonary Medicine"
"1524","1150667","1417181207","Ryan Bibler, MD","Kimberly Ellen Drewrey, NP"
"1524","1150697","1417950205","Vic Kadyan, MD","Dr. Vivek Kadyan, MD"
"1524","1150519","1649253188","Delray Maughan, MD","Saint Alphonsus Neurosurgery Clinic"
"1524","1150519","1649253188","Delray Maughan, MD","Saint Alphonsus Neurosurgery Clinic"
"1524","1150519","1649253188","Delray Maughan, MD","Bryan George Hart, PA"
"1524","1150519","1649253188","Delray Maughan, MD","Saint Alphonsus Neurosurgery Clinic"
"1524","1150527","1750327797","Rebecca J. Goodspeed, PA","Autumn M Freeland, PA"
"1524","1150527","1750327797","Rebecca J. Goodspeed, PA","Fred W. Fender, MD"
"1524","1150527","1750327797","Rebecca J. Goodspeed, PA","Dr. Stacy Jane Lamers, DO"
"1524","1150527","1750327797","Rebecca J. Goodspeed, PA","Saint Alphonsus Medical Group Meridian Health Plaza Internal Medicine"
"1524","1150527","1750327797","Rebecca J. Goodspeed, PA","Saint Alphonsus Medical Group - Heart Care"
"1524","1150527","1750327797","Rebecca J. Goodspeed, PA","Saint Alphonsus Medical Group Meridian Health Plaza Internal Medicine"
"1524","1150527","1750327797","Rebecca J. Goodspeed, PA","Shirley E. Vanzandt, NP"
"1524","1150527","1750327797","Rebecca J. Goodspeed, PA","Sladich Lawrence J MD"
"1524","1150527","1750327797","Rebecca J. Goodspeed, PA","Meridian Health Plaza Sleep Medicine"
"1524","1150476","1801142146","Jakeb K. Searle, PA","Sam M. Summers, MD"
"1524","48896","1801837141","Marcel Goldberg, MD","Autumn M Freeland, PA"
"1524","48896","1801837141","Marcel Goldberg, MD","Fred W. Fender, MD"
"1524","48896","1801837141","Marcel Goldberg, MD","Dr. Stacy Jane Lamers, DO"
"1524","48896","1801837141","Marcel Goldberg, MD","Saint Alphonsus Medical Group Meridian Health Plaza Internal Medicine"
"1524","48896","1801837141","Marcel Goldberg, MD","Saint Alphonsus Medical Group - Heart Care"
"1524","48896","1801837141","Marcel Goldberg, MD","Saint Alphonsus Medical Group Meridian Health Plaza Internal Medicine"
"1524","48896","1801837141","Marcel Goldberg, MD","Shirley E. Vanzandt, NP"
"1524","48896","1801837141","Marcel Goldberg, MD","Sladich Lawrence J MD"
"1524","48896","1801837141","Marcel Goldberg, MD","Meridian Health Plaza Sleep Medicine"
"1524","1150528","1831143338","Jennifer B. Hale, DO","Autumn M Freeland, PA"
"1524","1150528","1831143338","Jennifer B. Hale, DO","Fred W. Fender, MD"
"1524","1150528","1831143338","Jennifer B. Hale, DO","Dr. Stacy Jane Lamers, DO"
"1524","1150528","1831143338","Jennifer B. Hale, DO","Saint Alphonsus Medical Group Meridian Health Plaza Internal Medicine"
"1524","1150528","1831143338","Jennifer B. Hale, DO","Saint Alphonsus Medical Group - Heart Care"
"1524","1150528","1831143338","Jennifer B. Hale, DO","Saint Alphonsus Medical Group Meridian Health Plaza Internal Medicine"
"1524","1150528","1831143338","Jennifer B. Hale, DO","Shirley E. Vanzandt, NP"
"1524","1150528","1831143338","Jennifer B. Hale, DO","Sladich Lawrence J MD"
"1524","1150528","1831143338","Jennifer B. Hale, DO","Meridian Health Plaza Sleep Medicine"
"1524","1150675","1770733560","Marian Marsh, PA","Dr. Nirmal Biswas Charan, MD, Internal Medicine"
"1524","1150675","1770733560","Marian Marsh, PA","Rebecca Legg, MD"
"1524","1150675","1770733560","Marian Marsh, PA","Jennifer Kienlen, NP"
"1524","1150675","1770733560","Marian Marsh, PA","Beverlee Kay Furner, NP"
"1524","1150675","1770733560","Marian Marsh, PA","Dr. Anil Patel, MD: Saint Alphonsus Medical Group"
"1524","1150675","1770733560","Marian Marsh, PA","Megan Rutte, PA"
"1524","1150675","1770733560","Marian Marsh, PA","Christopher W. Sickel, NP"
"1524","1150675","1770733560","Marian Marsh, PA","Robyn M. Jones, NP"
"1524","1150675","1770733560","Marian Marsh, PA","Saint Alphonsus Pulmonary Medicine"
"1524","1150675","1770733560","Marian Marsh, PA","Kimberly Ellen Drewrey, NP"
"1524","1150649","1093182479","Alanna Lilly, PA","Jie Yan, PA"
"1524","1150474","1144299678","Natasha Miller, MD","Sam M. Summers, MD"
"1524","1150647","1598790560","Jeffrey V. Ball, PA","Jie Yan, PA"
"1524","1150656","1609215573","Logan Frederickson, DO","St Alphonsus Baker Clinic"
"1524","1150656","1609215573","Logan Frederickson, DO","Zunino Bud W ARNP"
"1524","1150656","1609215573","Logan Frederickson, DO","Heersink Belinda R"
"1524","1150656","1609215573","Logan Frederickson, DO","Tory Thornton, NP"
"1524","1150656","1609215573","Logan Frederickson, DO","Saint Alphonsus Medical Group Baker City Clinic Internal Medicine"
"1524","1150656","1609215573","Logan Frederickson, DO","Dr. Brandon Garry Isaacs, DO"
"1524","1150423","WES1","West Chinden Clinic","Saint Alphonsus Pediatrics"
"1524","1150423","WES1","West Chinden Clinic","Oasis Medical Center"
"1524","1150423","WES1","West Chinden Clinic","Saint Alphonsus Medical Group"
"1524","1150600","1295998862","Daniela T. Grigore, MD","Saint Alphonsus Pediatrics"
"1524","1150600","1295998862","Daniela T. Grigore, MD","Oasis Medical Center"
"1524","1150600","1295998862","Daniela T. Grigore, MD","Saint Alphonsus Medical Group"
"1524","1150601","1699721837","Carrie Humphrey, MD","Saint Alphonsus Pediatrics"
"1524","1150601","1699721837","Carrie Humphrey, MD","Oasis Medical Center"
"1524","1150601","1699721837","Carrie Humphrey, MD","Saint Alphonsus Medical Group"
"1524","48910","1073778098","Robert Buxton, DO","12th Avenue Family Medicine | Saint Alphonsus"
"1524","48910","1073778098","Robert Buxton, DO","Jessica Wohlschlegel, PA"
"1524","48910","1073778098","Robert Buxton, DO","Hutchings Randall H MD"
"1524","1150562","1265478325","Karl J. Schultheiss, MD","Rebecca Bishop, PA"
"1524","1150562","1265478325","Karl J. Schultheiss, MD","Laura Lynne Asaro, NP"
"1524","1150562","1265478325","Karl J. Schultheiss, MD","Jennifer L. Suida, CRNP"
"1524","1150562","1265478325","Karl J. Schultheiss, MD","Langerak Alan D MD"
"1524","1150562","1265478325","Karl J. Schultheiss, MD","Dr. Timothy E. Sawyer, MD"
"1524","1150562","1265478325","Karl J. Schultheiss, MD","Dr. Joseph P. Brooks, MD"
"1524","1150562","1265478325","Karl J. Schultheiss, MD","Dr. Kerry P. Pulver, MD"
"1524","1150562","1265478325","Karl J. Schultheiss, MD","Saint Alphonsusl: Cancer Care Center"
"1524","327059","1306983689","Elizabeth M. Prier, MD","John Jarrell, MD"
"1524","327059","1306983689","Elizabeth M. Prier, MD","Saint Alphonsus Medical Group Comprehensive Breast Surgery"
"1524","327059","1306983689","Elizabeth M. Prier, MD","Gerard Patrick Connor, MD"
"1524","48885","1437111267","Christopher B. Hirose, MD","Saint Alphonsus Coughlin Foot & Ankle"
"1524","48885","1437111267","Christopher B. Hirose, MD","Dr. Craig Haytmanek, Orthopedic Surgeon"
"1524","48885","1437111267","Christopher B. Hirose, MD","OnlineFootSolutions"
"1524","1150629","1720248040","Lindsay Sales, MD","Rebecca Bishop, PA"
"1524","1150629","1720248040","Lindsay Sales, MD","Laura Lynne Asaro, NP"
"1524","1150629","1720248040","Lindsay Sales, MD","Jennifer L. Suida, CRNP"
"1524","1150629","1720248040","Lindsay Sales, MD","Langerak Alan D MD"
"1524","1150629","1720248040","Lindsay Sales, MD","Dr. Timothy E. Sawyer, MD"
"1524","1150629","1720248040","Lindsay Sales, MD","Dr. Joseph P. Brooks, MD"
"1524","1150629","1720248040","Lindsay Sales, MD","Dr. Kerry P. Pulver, MD"
"1524","1150629","1720248040","Lindsay Sales, MD","Saint Alphonsusl: Cancer Care Center"
"1524","1150581","1811364177","Ashley Popadics, PA","Saint Alphonsus Medical Group Nampa Health Plaza Urgent Care"
"1524","1150580","1821458241","Danae Perkins, PA","Shields Heidi E MD"
"1524","1150580","1821458241","Danae Perkins, PA","Amanda Dozier, NP"
"1524","1150580","1821458241","Danae Perkins, PA","St. Alphonsus Medical Group Garrity/ Urgent Care"
"1524","1150580","1821458241","Danae Perkins, PA","Mario Brus, MD"
"1524","1150425","WES3","West Chinden Clinic Pediatrics","Saint Alphonsus Pediatrics"
"1524","1150425","WES3","West Chinden Clinic Pediatrics","Oasis Medical Center"
"1524","1150425","WES3","West Chinden Clinic Pediatrics","Saint Alphonsus Medical Group"
"1524","1150597","1316236466","Erika Aragona, DO","Saint Alphonsus Pediatrics"
"1524","1150597","1316236466","Erika Aragona, DO","Oasis Medical Center"
"1524","1150597","1316236466","Erika Aragona, DO","Saint Alphonsus Medical Group"
"1524","1150599","1992147201","Kathryn H. Fuhriman, PA","West Chinden Clinic Urgent Care"
"1524","1150599","1992147201","Kathryn H. Fuhriman, PA","Oasis Medical Center"
"1524","1150589","1124017652","Richard Davis, MD","Riverside Orthopedics & Sports Medicine"
"1524","48903","1174634737","Rory Ramsey, MD","Dr. Nirmal Biswas Charan, MD, Internal Medicine"
"1524","48903","1174634737","Rory Ramsey, MD","Rebecca Legg, MD"
"1524","48903","1174634737","Rory Ramsey, MD","Jennifer Kienlen, NP"
"1524","48903","1174634737","Rory Ramsey, MD","Beverlee Kay Furner, NP"
"1524","48903","1174634737","Rory Ramsey, MD","Dr. Anil Patel, MD: Saint Alphonsus Medical Group"
"1524","48903","1174634737","Rory Ramsey, MD","Megan Rutte, PA"
"1524","48903","1174634737","Rory Ramsey, MD","Christopher W. Sickel, NP"
"1524","48903","1174634737","Rory Ramsey, MD","Robyn M. Jones, NP"
"1524","48903","1174634737","Rory Ramsey, MD","Saint Alphonsus Pulmonary Medicine"
"1524","48903","1174634737","Rory Ramsey, MD","Kimberly Ellen Drewrey, NP"
"1524","48887","1346333721","Eric T. Sandefur, DO","Autumn Swiger-Harrell, PA-C"
"1524","48887","1346333721","Eric T. Sandefur, DO","Dr. Mary P. Colvin, MD"
"1524","48887","1346333721","Eric T. Sandefur, DO","Samg Rheumatology"
"1524","327056","1417081399","Alex C. Johnson, MD","Jocelyn L. McCullough, CNS"
"1524","327056","1417081399","Alex C. Johnson, MD","Kelsey Field Babcock, PA"
"1524","327056","1417081399","Alex C. Johnson, MD","Saint Alphonsus Heart Care"
"1524","327056","1417081399","Alex C. Johnson, MD","Helen Ann Lawler, PA"
"1524","327056","1417081399","Alex C. Johnson, MD","Walter Seale, MD"
"1524","327056","1417081399","Alex C. Johnson, MD","Saint Alphonsus Women's Heart Care Clinic"
"1524","327056","1417081399","Alex C. Johnson, MD","Tobin Hill, NP"
"1524","327056","1417081399","Alex C. Johnson, MD","Jocelyn L. McCullough, CNS"
"1524","327056","1417081399","Alex C. Johnson, MD","Idaho Heart Care"
"1524","327056","1417081399","Alex C. Johnson, MD","Teresa E. Morgan, CNS"
"1524","269163","1417937517","Vaun Archibald, DO","Dr. Vaun J. Archibald, DO"
"1524","269163","1417937517","Vaun Archibald, DO","Dr. Jennifer Jane King, MD"
"1524","269163","1417937517","Vaun Archibald, DO","Kiehl Joseph MD"
"1524","1150634","1801072129","Christie A. Julian, MD","Dr. Jennifer Jane King, MD"
"1524","1150634","1801072129","Christie A. Julian, MD","Kiehl Joseph MD"
"1524","1150494","1023010824","Michael J. Coughlin, MD","Saint Alphonsus Coughlin Foot & Ankle"
"1524","1150494","1023010824","Michael J. Coughlin, MD","Dr. Craig Haytmanek, Orthopedic Surgeon"
"1524","1150494","1023010824","Michael J. Coughlin, MD","OnlineFootSolutions"
"1524","1150665","1144243619","Sarah Hollopeter, MD","Saint Alphonsus Medical Group"
"1524","1150676","1235338955","Meghan Mcinerney, MD","Dr. Nirmal Biswas Charan, MD, Internal Medicine"
"1524","1150676","1235338955","Meghan Mcinerney, MD","Rebecca Legg, MD"
"1524","1150676","1235338955","Meghan Mcinerney, MD","Jennifer Kienlen, NP"
"1524","1150676","1235338955","Meghan Mcinerney, MD","Beverlee Kay Furner, NP"
"1524","1150676","1235338955","Meghan Mcinerney, MD","Dr. Anil Patel, MD: Saint Alphonsus Medical Group"
"1524","1150676","1235338955","Meghan Mcinerney, MD","Megan Rutte, PA"
"1524","1150676","1235338955","Meghan Mcinerney, MD","Christopher W. Sickel, NP"
"1524","1150676","1235338955","Meghan Mcinerney, MD","Robyn M. Jones, NP"
"1524","1150676","1235338955","Meghan Mcinerney, MD","Saint Alphonsus Pulmonary Medicine"
"1524","1150676","1235338955","Meghan Mcinerney, MD","Kimberly Ellen Drewrey, NP"
"1524","1150672","1255653796","Natalia Khochay, NP","Dr. Nirmal Biswas Charan, MD, Internal Medicine"
"1524","1150672","1255653796","Natalia Khochay, NP","Rebecca Legg, MD"
"1524","1150672","1255653796","Natalia Khochay, NP","Jennifer Kienlen, NP"
"1524","1150672","1255653796","Natalia Khochay, NP","Beverlee Kay Furner, NP"
"1524","1150672","1255653796","Natalia Khochay, NP","Dr. Anil Patel, MD: Saint Alphonsus Medical Group"
"1524","1150672","1255653796","Natalia Khochay, NP","Megan Rutte, PA"
"1524","1150672","1255653796","Natalia Khochay, NP","Christopher W. Sickel, NP"
"1524","1150672","1255653796","Natalia Khochay, NP","Robyn M. Jones, NP"
"1524","1150672","1255653796","Natalia Khochay, NP","Saint Alphonsus Pulmonary Medicine"
"1524","1150672","1255653796","Natalia Khochay, NP","Kimberly Ellen Drewrey, NP"
"1524","1150666","1356320915","Harold G. Moore, MD","Saint Alphonsus Medical Group"
"1524","153792","1396898482","Alison Shearer, MD","Frances Horton, CNM"
"1524","153792","1396898482","Alison Shearer, MD","Dr. Julia Keith Bouchard, MD, OBGYN"
"1524","153792","1396898482","Alison Shearer, MD","Rieneke Diane Govreau, CNM"
"1524","153792","1396898482","Alison Shearer, MD","Shearer-Depp Alison MD"
"1524","153792","1396898482","Alison Shearer, MD","Dr. Christina M. Knutson, MD"
"1524","153792","1396898482","Alison Shearer, MD","Jon R. Kattenhorn, MD"
"1524","1150628","1457323693","Joseph P. Brooks, MD","Rebecca Bishop, PA"
"1524","1150628","1457323693","Joseph P. Brooks, MD","Laura Lynne Asaro, NP"
"1524","1150628","1457323693","Joseph P. Brooks, MD","Jennifer L. Suida, CRNP"
"1524","1150628","1457323693","Joseph P. Brooks, MD","Langerak Alan D MD"
"1524","1150628","1457323693","Joseph P. Brooks, MD","Dr. Timothy E. Sawyer, MD"
"1524","1150628","1457323693","Joseph P. Brooks, MD","Dr. Joseph P. Brooks, MD"
"1524","1150628","1457323693","Joseph P. Brooks, MD","Dr. Kerry P. Pulver, MD"
"1524","1150628","1457323693","Joseph P. Brooks, MD","Saint Alphonsusl: Cancer Care Center"
"1524","48895","1497715866","Louis A. Roser, MD","Saint Alphonsus Medical Group"
"1524","1150500","1528017209","Mark C. Meier, MD","Amos Obadiah Haley, NP"
"1524","1150500","1528017209","Mark C. Meier, MD","Saint Alphonsus Medical Group - Joint Preservation & Reconstruction"
"1524","1150500","1528017209","Mark C. Meier, MD","Richard Moore, MD"
"1524","1150500","1528017209","Mark C. Meier, MD","Pamela Kirsten Fields, NP"
"1524","1150518","1265651566","Ondrej Choutka, MD","Saint Alphonsus Neurosurgery Clinic"
"1524","1150518","1265651566","Ondrej Choutka, MD","Saint Alphonsus Neurosurgery Clinic"
"1524","1150518","1265651566","Ondrej Choutka, MD","Bryan George Hart, PA"
"1524","1150518","1265651566","Ondrej Choutka, MD","Saint Alphonsus Neurosurgery Clinic"
"1524","1150517","1063454437","Margaret L. Widener, CNM","Frances Horton, CNM"
"1524","1150517","1063454437","Margaret L. Widener, CNM","Dr. Julia Keith Bouchard, MD, OBGYN"
"1524","1150517","1063454437","Margaret L. Widener, CNM","Rieneke Diane Govreau, CNM"
"1524","1150517","1063454437","Margaret L. Widener, CNM","Shearer-Depp Alison MD"
"1524","1150517","1063454437","Margaret L. Widener, CNM","Dr. Christina M. Knutson, MD"
"1524","1150517","1063454437","Margaret L. Widener, CNM","Margaret L. Widener, CNM"
"1524","1150517","1063454437","Margaret L. Widener, CNM","Jon R. Kattenhorn, MD"
"1524","1150576","1598705311","Calvin M. Harrold, PA","Shields Heidi E MD"
"1524","1150576","1598705311","Calvin M. Harrold, PA","Amanda Dozier, NP"
"1524","1150576","1598705311","Calvin M. Harrold, PA","St. Alphonsus Medical Group Garrity/ Urgent Care"
"1524","1150576","1598705311","Calvin M. Harrold, PA","Mario Brus, MD"
"1524","269686","1609818228","Randall H. Hutchings, MD","12th Avenue Family Medicine | Saint Alphonsus"
"1524","269686","1609818228","Randall H. Hutchings, MD","Jessica Wohlschlegel, PA"
"1524","269686","1609818228","Randall H. Hutchings, MD","Hutchings Randall H MD"
"1524","1150690","1306245956","Amy Brauner, NP","Saint Alphonsus Family Medicine - Copper Point"
"1524","1150631","1316258510","Bradley G. Bishop, MD","Dr. Jennifer Jane King, MD"
"1524","1150631","1316258510","Bradley G. Bishop, MD","Kiehl Joseph MD"
"1524","1150558","1487092292","Ryan Pettit, DO","Guillermo M. Guzman-Trevino, MD"
"1524","1150558","1487092292","Ryan Pettit, DO","Randall Rudeen, MD"
"1524","1150558","1487092292","Ryan Pettit, DO","Maribel Serrano, MD"
"1524","1150621","1558301515","Mark G. Parent, MD","Jocelyn L. McCullough, CNS"
"1524","1150621","1558301515","Mark G. Parent, MD","Kelsey Field Babcock, PA"
"1524","1150621","1558301515","Mark G. Parent, MD","Saint Alphonsus Heart Care"
"1524","1150621","1558301515","Mark G. Parent, MD","Helen Ann Lawler, PA"
"1524","1150621","1558301515","Mark G. Parent, MD","Walter Seale, MD"
"1524","1150621","1558301515","Mark G. Parent, MD","Saint Alphonsus Women's Heart Care Clinic"
"1524","1150621","1558301515","Mark G. Parent, MD","Tobin Hill, NP"
"1524","1150621","1558301515","Mark G. Parent, MD","Jocelyn L. McCullough, CNS"
"1524","1150621","1558301515","Mark G. Parent, MD","Idaho Heart Care"
"1524","1150621","1558301515","Mark G. Parent, MD","Teresa E. Morgan, CNS"
"1524","1150504","1568407765","Amy E. Englishburt, CNM","Frances Horton, CNM"
"1524","1150504","1568407765","Amy E. Englishburt, CNM","Dr. Julia Keith Bouchard, MD, OBGYN"
"1524","1150504","1568407765","Amy E. Englishburt, CNM","Rieneke Diane Govreau, CNM"
"1524","1150504","1568407765","Amy E. Englishburt, CNM","Shearer-Depp Alison MD"
"1524","1150504","1568407765","Amy E. Englishburt, CNM","Dr. Christina M. Knutson, MD"
"1524","1150504","1568407765","Amy E. Englishburt, CNM","Jon R. Kattenhorn, MD"
"1524","1150543","1619234622","Alexandra Meier, MD","Charles Boult, MD"
"1524","1150520","1679980551","Kathryn E. Connley, NP","Saint Alphonsus Medical Group Diabetes Care and Education"
"1524","1150520","1679980551","Kathryn E. Connley, NP","Cindy Horrocks, RD, LD, CDE"
"1524","1150498","1760740708","Derek Kunz, MD","Amos Obadiah Haley, NP"
"1524","1150498","1760740708","Derek Kunz, MD","Saint Alphonsus Medical Group - Joint Preservation & Reconstruction"
"1524","1150498","1760740708","Derek Kunz, MD","Richard Moore, MD"
"1524","1150498","1760740708","Derek Kunz, MD","Pamela Kirsten Fields, NP"
"1524","269644","1053406488","Heidi E. Shields, MD","Shields Heidi E MD"
"1524","269644","1053406488","Heidi E. Shields, MD","Amanda Dozier, NP"
"1524","269644","1053406488","Heidi E. Shields, MD","St. Alphonsus Medical Group Garrity/ Urgent Care"
"1524","269644","1053406488","Heidi E. Shields, MD","Mario Brus, MD"
"1524","1150641","1245607662","David C. Nelson, PA","Dr. Eric L. Johnson, MD"
"1524","1150641","1245607662","David C. Nelson, PA","Susan Mary McMullen, NP"
"1524","1150565","1386672012","Holly D. Swensen, NP","Saint Alphonsus Caldwell Cancer Center"
"1524","1150669","1417102930","Joshua Holweger, MD","Dr. Nirmal Biswas Charan, MD, Internal Medicine"
"1524","1150669","1417102930","Joshua Holweger, MD","Rebecca Legg, MD"
"1524","1150669","1417102930","Joshua Holweger, MD","Jennifer Kienlen, NP"
"1524","1150669","1417102930","Joshua Holweger, MD","Beverlee Kay Furner, NP"
"1524","1150669","1417102930","Joshua Holweger, MD","Dr. Anil Patel, MD: Saint Alphonsus Medical Group"
"1524","1150669","1417102930","Joshua Holweger, MD","Megan Rutte, PA"
"1524","1150669","1417102930","Joshua Holweger, MD","Christopher W. Sickel, NP"
"1524","1150669","1417102930","Joshua Holweger, MD","Robyn M. Jones, NP"
"1524","1150669","1417102930","Joshua Holweger, MD","Saint Alphonsus Pulmonary Medicine"
"1524","1150669","1417102930","Joshua Holweger, MD","Kimberly Ellen Drewrey, NP"
"1524","1150509","1558620781","Kandiss L. Inman, NP","Frances Horton, CNM"
"1524","1150509","1558620781","Kandiss L. Inman, NP","Dr. Julia Keith Bouchard, MD, OBGYN"
"1524","1150509","1558620781","Kandiss L. Inman, NP","Rieneke Diane Govreau, CNM"
"1524","1150509","1558620781","Kandiss L. Inman, NP","Shearer-Depp Alison MD"
"1524","1150509","1558620781","Kandiss L. Inman, NP","Dr. Christina M. Knutson, MD"
"1524","1150509","1558620781","Kandiss L. Inman, NP","Jon R. Kattenhorn, MD"
"1524","1150550","1598956963","Bobby Chawla, DO","Pierce, Christopher Alan DO"
"1524","1150550","1598956963","Bobby Chawla, DO","Dr. Mitchell D. Long, DO"
"1524","1150550","1598956963","Bobby Chawla, DO","Dr. Jeffrey W. Grossman, MD"
"1524","1150550","1598956963","Bobby Chawla, DO","Dr. Steve E. Roberts, MD"
"1524","1150550","1598956963","Bobby Chawla, DO","Mortensen Joseph M MD"
"1524","1150550","1598956963","Bobby Chawla, DO","Crawford Russell DO"
"1524","1150550","1598956963","Bobby Chawla, DO","Stratton Michael O DO"
"1524","1150550","1598956963","Bobby Chawla, DO","Kerry J.P. Pulver, MD"
"1524","1150550","1598956963","Bobby Chawla, DO","Bradbury Mark F MD"
"1524","1150550","1598956963","Bobby Chawla, DO","Mercy Medical Center: Seo Mi MD"
"1524","1150550","1598956963","Bobby Chawla, DO","Dr. Michael J. Lamers, DO"
"1524","1150550","1598956963","Bobby Chawla, DO","Mercy Medical Center: Parker Peter MD"
"1524","1150550","1598956963","Bobby Chawla, DO","Bensch Peggie A MD"
"1524","1150550","1598956963","Bobby Chawla, DO","Patrick Daniel Vargas, MD"
"1524","1150550","1598956963","Bobby Chawla, DO","Dr. Ralph M. Yeakley, MD"
"1524","1150550","1598956963","Bobby Chawla, DO","Eric R. Maus, Pac"
"1524","1150550","1598956963","Bobby Chawla, DO","Staniewski John A MD"
"1524","1150550","1598956963","Bobby Chawla, DO","Dr. Dennis J. Page, MD"
"1524","1150550","1598956963","Bobby Chawla, DO","Kraner Thomas O MD"
"1524","1150550","1598956963","Bobby Chawla, DO","Dr. Aaron W. Brackney, DO"
"1524","1150550","1598956963","Bobby Chawla, DO","Hughes Angela K"
"1524","1150550","1598956963","Bobby Chawla, DO","Mercy Medical Center: Blair Charles MD"
"1524","1150550","1598956963","Bobby Chawla, DO","Dr. Michael D. Severson, MD"
"1524","1150550","1598956963","Bobby Chawla, DO","Saint Alphonsus Medical Center Hospital: Emergency Room"
"1524","1150550","1598956963","Bobby Chawla, DO","Abbo Katherine M MD"
"1524","1150475","1710315577","Joseph S. Robinson, PA","Sam M. Summers, MD"
"1524","1150516","1790028405","Jessica Riordan, MD","Frances Horton, CNM"
"1524","1150516","1790028405","Jessica Riordan, MD","Dr. Julia Keith Bouchard, MD, OBGYN"
"1524","1150516","1790028405","Jessica Riordan, MD","Rieneke Diane Govreau, CNM"
"1524","1150516","1790028405","Jessica Riordan, MD","Shearer-Depp Alison MD"
"1524","1150516","1790028405","Jessica Riordan, MD","Dr. Christina M. Knutson, MD"
"1524","1150516","1790028405","Jessica Riordan, MD","Jon R. Kattenhorn, MD"
"1524","1150535","1013952761","Sis E. Ostolasa, PA","St Alphonsus Meridian"
"1524","1150626","1174517775","Margot E. Vloka, MD","Jocelyn L. McCullough, CNS"
"1524","1150626","1174517775","Margot E. Vloka, MD","Kelsey Field Babcock, PA"
"1524","1150626","1174517775","Margot E. Vloka, MD","Saint Alphonsus Heart Care"
"1524","1150626","1174517775","Margot E. Vloka, MD","Helen Ann Lawler, PA"
"1524","1150626","1174517775","Margot E. Vloka, MD","Walter Seale, MD"
"1524","1150626","1174517775","Margot E. Vloka, MD","Saint Alphonsus Women's Heart Care Clinic"
"1524","1150626","1174517775","Margot E. Vloka, MD","Tobin Hill, NP"
"1524","1150626","1174517775","Margot E. Vloka, MD","Jocelyn L. McCullough, CNS"
"1524","1150626","1174517775","Margot E. Vloka, MD","Idaho Heart Care"
"1524","1150626","1174517775","Margot E. Vloka, MD","Teresa E. Morgan, CNS"
"1524","1150664","1366620825","Katherine L. K. Devlin, NP","Saint Alphonsus Medical Group"
"1524","1150556","1417300419","Jennifer Lewis, NP","Rebecca Bishop, PA"
"1524","1150556","1417300419","Jennifer Lewis, NP","Laura Lynne Asaro, NP"
"1524","1150556","1417300419","Jennifer Lewis, NP","Jennifer L. Suida, CRNP"
"1524","1150556","1417300419","Jennifer Lewis, NP","Langerak Alan D MD"
"1524","1150556","1417300419","Jennifer Lewis, NP","Dr. Timothy E. Sawyer, MD"
"1524","1150556","1417300419","Jennifer Lewis, NP","Dr. Joseph P. Brooks, MD"
"1524","1150556","1417300419","Jennifer Lewis, NP","Dr. Kerry P. Pulver, MD"
"1524","1150556","1417300419","Jennifer Lewis, NP","Saint Alphonsusl: Cancer Care Center"
"1524","1150633","1518214154","Heather M. Johnson, NP","Dr. Jennifer Jane King, MD"
"1524","1150633","1518214154","Heather M. Johnson, NP","Kiehl Joseph MD"
"1524","1150643","1598008419","Anne M. Ingram, PA","Saint Alphonsus Medical Group"
"1524","1150524","1629446661","Lori Ebinger, PA","Autumn M Freeland, PA"
"1524","1150524","1629446661","Lori Ebinger, PA","Fred W. Fender, MD"
"1524","1150524","1629446661","Lori Ebinger, PA","Dr. Stacy Jane Lamers, DO"
"1524","1150524","1629446661","Lori Ebinger, PA","Saint Alphonsus Medical Group Meridian Health Plaza Internal Medicine"
"1524","1150524","1629446661","Lori Ebinger, PA","Saint Alphonsus Medical Group - Heart Care"
"1524","1150524","1629446661","Lori Ebinger, PA","Saint Alphonsus Medical Group Meridian Health Plaza Internal Medicine"
"1524","1150524","1629446661","Lori Ebinger, PA","Shirley E. Vanzandt, NP"
"1524","1150524","1629446661","Lori Ebinger, PA","Sladich Lawrence J MD"
"1524","1150524","1629446661","Lori Ebinger, PA","Meridian Health Plaza Sleep Medicine"
"1524","1150510","1669506531","Mary A. Janowiak, MD","Frances Horton, CNM"
"1524","1150510","1669506531","Mary A. Janowiak, MD","Dr. Julia Keith Bouchard, MD, OBGYN"
"1524","1150510","1669506531","Mary A. Janowiak, MD","Rieneke Diane Govreau, CNM"
"1524","1150510","1669506531","Mary A. Janowiak, MD","Shearer-Depp Alison MD"
"1524","1150510","1669506531","Mary A. Janowiak, MD","Dr. Christina M. Knutson, MD"
"1524","1150510","1669506531","Mary A. Janowiak, MD","Jon R. Kattenhorn, MD"
"1524","1150542","1841296902","Katherine A. Mathews, MD","Dr. Gregory T. Trapp, MD"
"1524","1150542","1841296902","Katherine A. Mathews, MD","Emily Ruprecht, NP-C"
"1524","1150542","1841296902","Katherine A. Mathews, MD","Lisa Margret Nelson, MD"
"1524","1150542","1841296902","Katherine A. Mathews, MD","Kae E. Leinberger, NP"
"1524","1150542","1841296902","Katherine A. Mathews, MD","Robert Lawrence Petersen, MD"
"1524","1150542","1841296902","Katherine A. Mathews, MD","Kathryn Schneider, MD"
"1524","1150542","1841296902","Katherine A. Mathews, MD","Dr. Van Hoang, MD"
"1524","1150426","WES5","West Chinden Clinic Urgent Care","West Chinden Clinic Urgent Care"
"1524","1150426","WES5","West Chinden Clinic Urgent Care","Oasis Medical Center"
"1524","1150590","1154310597","John Foote, MD","Riverside Orthopedics & Sports Medicine"
"1524","1150515","1154680072","Eve Preus, MD","Frances Horton, CNM"
"1524","1150515","1154680072","Eve Preus, MD","Dr. Julia Keith Bouchard, MD, OBGYN"
"1524","1150515","1154680072","Eve Preus, MD","Rieneke Diane Govreau, CNM"
"1524","1150515","1154680072","Eve Preus, MD","Shearer-Depp Alison MD"
"1524","1150515","1154680072","Eve Preus, MD","Dr. Christina M. Knutson, MD"
"1524","1150515","1154680072","Eve Preus, MD","Jon R. Kattenhorn, MD"
"1524","1150622","1174871420","Mary S. Randall, NP","Jocelyn L. McCullough, CNS"
"1524","1150622","1174871420","Mary S. Randall, NP","Kelsey Field Babcock, PA"
"1524","1150622","1174871420","Mary S. Randall, NP","Saint Alphonsus Heart Care"
"1524","1150622","1174871420","Mary S. Randall, NP","Helen Ann Lawler, PA"
"1524","1150622","1174871420","Mary S. Randall, NP","Walter Seale, MD"
"1524","1150622","1174871420","Mary S. Randall, NP","Saint Alphonsus Women's Heart Care Clinic"
"1524","1150622","1174871420","Mary S. Randall, NP","Tobin Hill, NP"
"1524","1150622","1174871420","Mary S. Randall, NP","Jocelyn L. McCullough, CNS"
"1524","1150622","1174871420","Mary S. Randall, NP","Idaho Heart Care"
"1524","1150622","1174871420","Mary S. Randall, NP","Teresa E. Morgan, CNS"
"1524","1150514","1215193263","Rebecca L. Mccaffrey, MD","Frances Horton, CNM"
"1524","1150514","1215193263","Rebecca L. Mccaffrey, MD","Dr. Julia Keith Bouchard, MD, OBGYN"
"1524","1150514","1215193263","Rebecca L. Mccaffrey, MD","Rieneke Diane Govreau, CNM"
"1524","1150514","1215193263","Rebecca L. Mccaffrey, MD","Shearer-Depp Alison MD"
"1524","1150514","1215193263","Rebecca L. Mccaffrey, MD","Dr. Christina M. Knutson, MD"
"1524","1150514","1215193263","Rebecca L. Mccaffrey, MD","Jon R. Kattenhorn, MD"
"1524","1150552","1336309434","Linsey Etherington, MD","John Jarrell, MD"
"1524","1150552","1336309434","Linsey Etherington, MD","Saint Alphonsus Medical Group Comprehensive Breast Surgery"
"1524","1150552","1336309434","Linsey Etherington, MD","Gerard Patrick Connor, MD"
"1524","1150546","1447707120","Sherri Siegel, NP","Charles Boult, MD"
"1524","1150619","1477597573","Laura W. Morton, NP","Jocelyn L. McCullough, CNS"
"1524","1150619","1477597573","Laura W. Morton, NP","Kelsey Field Babcock, PA"
"1524","1150619","1477597573","Laura W. Morton, NP","Saint Alphonsus Heart Care"
"1524","1150619","1477597573","Laura W. Morton, NP","Helen Ann Lawler, PA"
"1524","1150619","1477597573","Laura W. Morton, NP","Walter Seale, MD"
"1524","1150619","1477597573","Laura W. Morton, NP","Saint Alphonsus Women's Heart Care Clinic"
"1524","1150619","1477597573","Laura W. Morton, NP","Tobin Hill, NP"
"1524","1150619","1477597573","Laura W. Morton, NP","Jocelyn L. McCullough, CNS"
"1524","1150619","1477597573","Laura W. Morton, NP","Idaho Heart Care"
"1524","1150619","1477597573","Laura W. Morton, NP","Teresa E. Morgan, CNS"
"1524","1150646","1497172555","Christina Sweet, PA","Saint Alphonsus Medical Group"
"1524","1150640","1720032725","Scott D. Lossmann, MD","Dr. Eric L. Johnson, MD"
"1524","1150640","1720032725","Scott D. Lossmann, MD","Susan Mary McMullen, NP"
"1524","1150511","1801842257","Joann M. Johnson, CNM","Frances Horton, CNM"
"1524","1150511","1801842257","Joann M. Johnson, CNM","Dr. Julia Keith Bouchard, MD, OBGYN"
"1524","1150511","1801842257","Joann M. Johnson, CNM","Rieneke Diane Govreau, CNM"
"1524","1150511","1801842257","Joann M. Johnson, CNM","Shearer-Depp Alison MD"
"1524","1150511","1801842257","Joann M. Johnson, CNM","Dr. Christina M. Knutson, MD"
"1524","1150511","1801842257","Joann M. Johnson, CNM","Jon R. Kattenhorn, MD"
"1524","115548","1063420792","Bruce J. Andersen, MD","Saint Alphonsus Neurosurgery Clinic"
"1524","115548","1063420792","Bruce J. Andersen, MD","Saint Alphonsus Neurosurgery Clinic"
"1524","115548","1063420792","Bruce J. Andersen, MD","Bryan George Hart, PA"
"1524","115548","1063420792","Bruce J. Andersen, MD","Saint Alphonsus Neurosurgery Clinic"
"1524","1150487","1124092101","Albert Don Bickford, PA","Denise R. Bahadar, NP"
"1524","1150604","1063402097","Arthur Jones, MD","Saint Alphonsus Pediatrics"
"1524","1150604","1063402097","Arthur Jones, MD","Oasis Medical Center"
"1524","1150604","1063402097","Arthur Jones, MD","Saint Alphonsus Medical Group"
"1524","1150613","1093825903","Jennifer Anderson, MD","Jocelyn L. McCullough, CNS"
"1524","1150613","1093825903","Jennifer Anderson, MD","Kelsey Field Babcock, PA"
"1524","1150613","1093825903","Jennifer Anderson, MD","Saint Alphonsus Heart Care"
"1524","1150613","1093825903","Jennifer Anderson, MD","Helen Ann Lawler, PA"
"1524","1150613","1093825903","Jennifer Anderson, MD","Walter Seale, MD"
"1524","1150613","1093825903","Jennifer Anderson, MD","Saint Alphonsus Women's Heart Care Clinic"
"1524","1150613","1093825903","Jennifer Anderson, MD","Tobin Hill, NP"
"1524","1150613","1093825903","Jennifer Anderson, MD","Jocelyn L. McCullough, CNS"
"1524","1150613","1093825903","Jennifer Anderson, MD","Idaho Heart Care"
"1524","1150613","1093825903","Jennifer Anderson, MD","Teresa E. Morgan, CNS"
"1524","271577","1194767178","Anne Patrice Burgess, MD","Jill Konrad, NP"
"1524","1150495","1326289364","S Bradley Daines, MD","Amos Obadiah Haley, NP"
"1524","1150495","1326289364","S Bradley Daines, MD","Saint Alphonsus Medical Group - Joint Preservation & Reconstruction"
"1524","1150495","1326289364","S Bradley Daines, MD","Richard Moore, MD"
"1524","1150495","1326289364","S Bradley Daines, MD","Pamela Kirsten Fields, NP"
"1524","115549","1538214184","Daniel S. Knorpp, DO","Saint Alphonsus Pediatrics"
"1524","115549","1538214184","Daniel S. Knorpp, DO","Oasis Medical Center"
"1524","115549","1538214184","Daniel S. Knorpp, DO","Saint Alphonsus Medical Group"
"1524","1216809","1558664755","Marjorie Rich, RD, CDE","Catherine Ann Prinzing, CNS"
"1524","1216809","1558664755","Marjorie Rich, RD, CDE","Saint Alphonsus Medical Group Diabetes Care and Education"
"1524","1216809","1558664755","Marjorie Rich, RD, CDE","Cindy Horrocks, RD, LD, CDE"
"1524","1216809","1558664755","Marjorie Rich, RD, CDE","Melissa Ann DiRocco, MS, APRN, FNP-C"
"1524","48892","1013956705","Joel C. Swanson, MD","Saint Alphonsus Medical Group Eagle Health Plaza Internal Medicine"
"1524","48908","1306886767","Stan A. Eisele, MD","Saint Alphonsus Medical Group Meridian Health Plaza Internal Medicine"
"1524","48908","1306886767","Stan A. Eisele, MD","Saint Alphonsus Medical Group - Heart Care"
"1524","48908","1306886767","Stan A. Eisele, MD","Meridian Health Plaza Sleep Medicine"
"1524","48908","1306886767","Stan A. Eisele, MD","Autumn M Freeland, PA"
"1524","48908","1306886767","Stan A. Eisele, MD","Fred W. Fender, MD"
"1524","48908","1306886767","Stan A. Eisele, MD","Dr. Stan A. Eisele, MD"
"1524","48908","1306886767","Stan A. Eisele, MD","Dr. Stacy Jane Lamers, DO"
"1524","48908","1306886767","Stan A. Eisele, MD","Saint Alphonsus Medical Group Meridian Health Plaza Internal Medicine"
"1524","48908","1306886767","Stan A. Eisele, MD","Shirley E. Vanzandt, NP"
"1524","48908","1306886767","Stan A. Eisele, MD","Sladich Lawrence J MD"
"1524","1150531","1508142613","Kristina M. Huffaker, PA","Autumn M Freeland, PA"
"1524","1150531","1508142613","Kristina M. Huffaker, PA","Fred W. Fender, MD"
"1524","1150531","1508142613","Kristina M. Huffaker, PA","Dr. Stacy Jane Lamers, DO"
"1524","1150531","1508142613","Kristina M. Huffaker, PA","Saint Alphonsus Medical Group Meridian Health Plaza Internal Medicine"
"1524","1150531","1508142613","Kristina M. Huffaker, PA","Saint Alphonsus Medical Group - Heart Care"
"1524","1150531","1508142613","Kristina M. Huffaker, PA","Saint Alphonsus Medical Group Meridian Health Plaza Internal Medicine"
"1524","1150531","1508142613","Kristina M. Huffaker, PA","Shirley E. Vanzandt, NP"
"1524","1150531","1508142613","Kristina M. Huffaker, PA","Sladich Lawrence J MD"
"1524","1150531","1508142613","Kristina M. Huffaker, PA","Meridian Health Plaza Sleep Medicine"
"1524","1150658","1568774362","Derek Zickgraf, DO","St Alphonsus Baker Clinic"
"1524","1150658","1568774362","Derek Zickgraf, DO","Zunino Bud W ARNP"
"1524","1150658","1568774362","Derek Zickgraf, DO","Heersink Belinda R"
"1524","1150658","1568774362","Derek Zickgraf, DO","Tory Thornton, NP"
"1524","1150658","1568774362","Derek Zickgraf, DO","Saint Alphonsus Medical Group Baker City Clinic Internal Medicine"
"1524","1150658","1568774362","Derek Zickgraf, DO","Dr. Brandon Garry Isaacs, DO"
"1524","1150612","1578591053","Karl N. Watts, MD","Jill Konrad, NP"
"1524","1150611","1649275587","Scott A. Shappard, DO","Jill Konrad, NP"
"1524","1150424","WES2","West Chinden Clinic Family Medicine","Saint Alphonsus Pediatrics"
"1524","1150424","WES2","West Chinden Clinic Family Medicine","Oasis Medical Center"
"1524","1150424","WES2","West Chinden Clinic Family Medicine","Saint Alphonsus Medical Group"
"1524","1150616","1164682720","Carl Kapadia, MD","Jocelyn L. McCullough, CNS"
"1524","1150616","1164682720","Carl Kapadia, MD","Kelsey Field Babcock, PA"
"1524","1150616","1164682720","Carl Kapadia, MD","Saint Alphonsus Heart Care"
"1524","1150616","1164682720","Carl Kapadia, MD","Helen Ann Lawler, PA"
"1524","1150616","1164682720","Carl Kapadia, MD","Walter Seale, MD"
"1524","1150616","1164682720","Carl Kapadia, MD","Saint Alphonsus Women's Heart Care Clinic"
"1524","1150616","1164682720","Carl Kapadia, MD","Tobin Hill, NP"
"1524","1150616","1164682720","Carl Kapadia, MD","Jocelyn L. McCullough, CNS"
"1524","1150616","1164682720","Carl Kapadia, MD","Idaho Heart Care"
"1524","1150616","1164682720","Carl Kapadia, MD","Teresa E. Morgan, CNS"
"1524","1150473","1265609929","Merle L. Keller, MD","Shields Heidi E MD"
"1524","1150473","1265609929","Merle L. Keller, MD","Amanda Dozier, NP"
"1524","1150473","1265609929","Merle L. Keller, MD","St. Alphonsus Medical Group Garrity/ Urgent Care"
"1524","1150473","1265609929","Merle L. Keller, MD","Mario Brus, MD"
"1524","1150571","1265693386","Bridgette Marie Baker, MD","Shields Heidi E MD"
"1524","1150571","1265693386","Bridgette Marie Baker, MD","Amanda Dozier, NP"
"1524","1150571","1265693386","Bridgette Marie Baker, MD","St. Alphonsus Medical Group Garrity/ Urgent Care"
"1524","1150571","1265693386","Bridgette Marie Baker, MD","Mario Brus, MD"
"1524","1150508","1427322601","Frances Harris, CNM","Frances Horton, CNM"
"1524","1150508","1427322601","Frances Harris, CNM","Dr. Julia Keith Bouchard, MD, OBGYN"
"1524","1150508","1427322601","Frances Harris, CNM","Rieneke Diane Govreau, CNM"
"1524","1150508","1427322601","Frances Harris, CNM","Shearer-Depp Alison MD"
"1524","1150508","1427322601","Frances Harris, CNM","Dr. Christina M. Knutson, MD"
"1524","1150508","1427322601","Frances Harris, CNM","Jon R. Kattenhorn, MD"
"1524","1150567","1487094108","Laura Fink, MD","12th Avenue Family Medicine | Saint Alphonsus"
"1524","1150567","1487094108","Laura Fink, MD","Jessica Wohlschlegel, PA"
"1524","1150567","1487094108","Laura Fink, MD","Hutchings Randall H MD"
"1524","1150692","1508308396","Samantha Benfield, NP-C","Wes Arlein, MD"
"1524","1150609","1649214131","Juliet M. Clark, PA","Jill Konrad, NP"
"1524","1150654","1730497520","William Zach Allen, PA","St Alphonsus Baker Clinic"
"1524","1150654","1730497520","William Zach Allen, PA","Zunino Bud W ARNP"
"1524","1150654","1730497520","William Zach Allen, PA","Heersink Belinda R"
"1524","1150654","1730497520","William Zach Allen, PA","Tory Thornton, NP"
"1524","1150654","1730497520","William Zach Allen, PA","Saint Alphonsus Medical Group Baker City Clinic Internal Medicine"
"1524","1150654","1730497520","William Zach Allen, PA","Dr. Brandon Garry Isaacs, DO"
"1524","1150620","1376622985","Matthew Nelson, MD","Jocelyn L. McCullough, CNS"
"1524","1150620","1376622985","Matthew Nelson, MD","Kelsey Field Babcock, PA"
"1524","1150620","1376622985","Matthew Nelson, MD","Saint Alphonsus Heart Care"
"1524","1150620","1376622985","Matthew Nelson, MD","Helen Ann Lawler, PA"
"1524","1150620","1376622985","Matthew Nelson, MD","Walter Seale, MD"
"1524","1150620","1376622985","Matthew Nelson, MD","Saint Alphonsus Women's Heart Care Clinic"
"1524","1150620","1376622985","Matthew Nelson, MD","Tobin Hill, NP"
"1524","1150620","1376622985","Matthew Nelson, MD","Jocelyn L. McCullough, CNS"
"1524","1150620","1376622985","Matthew Nelson, MD","Idaho Heart Care"
"1524","1150620","1376622985","Matthew Nelson, MD","Teresa E. Morgan, CNS"
"1524","1150689","1407075328","Michael Shevlin, MD","Saint Alphonsus Orthopedics Clinic"
"1524","1150689","1407075328","Michael Shevlin, MD","Todd Michael Otstot, PA"
"1524","1150689","1407075328","Michael Shevlin, MD","Dr. Shane Alexander Andrew, DO"
"1524","1150689","1407075328","Michael Shevlin, MD","Keith G. Holley, MD"
"1524","1150689","1407075328","Michael Shevlin, MD","Keith Holley, MD"
"1524","1150569","1427099852","Linda Lam, DO","12th Avenue Family Medicine | Saint Alphonsus"
"1524","1150569","1427099852","Linda Lam, DO","Jessica Wohlschlegel, PA"
"1524","1150569","1427099852","Linda Lam, DO","Hutchings Randall H MD"
"1524","1150688","1457340481","T Clark Robinson, MD","Saint Alphonsus Orthopedics Clinic"
"1524","1150688","1457340481","T Clark Robinson, MD","Todd Michael Otstot, PA"
"1524","1150688","1457340481","T Clark Robinson, MD","Dr. Shane Alexander Andrew, DO"
"1524","1150688","1457340481","T Clark Robinson, MD","Keith G. Holley, MD"
"1524","1150688","1457340481","T Clark Robinson, MD","Keith Holley, MD"
"1524","1150584","1477719433","Amanda M. Draper, NP","Saint Alphonsus Medical Group Eagle Health Plaza Internal Medicine"
"1524","1150624","1487936829","Frances Rogien, NP","Jocelyn L. McCullough, CNS"
"1524","1150624","1487936829","Frances Rogien, NP","Kelsey Field Babcock, PA"
"1524","1150624","1487936829","Frances Rogien, NP","Saint Alphonsus Heart Care"
"1524","1150624","1487936829","Frances Rogien, NP","Helen Ann Lawler, PA"
"1524","1150624","1487936829","Frances Rogien, NP","Walter Seale, MD"
"1524","1150624","1487936829","Frances Rogien, NP","Saint Alphonsus Women's Heart Care Clinic"
"1524","1150624","1487936829","Frances Rogien, NP","Tobin Hill, NP"
"1524","1150624","1487936829","Frances Rogien, NP","Jocelyn L. McCullough, CNS"
"1524","1150624","1487936829","Frances Rogien, NP","Idaho Heart Care"
"1524","1150624","1487936829","Frances Rogien, NP","Teresa E. Morgan, CNS"
"1524","1150532","1508877788","Crystal Jencks, MD","Autumn M Freeland, PA"
"1524","1150532","1508877788","Crystal Jencks, MD","Fred W. Fender, MD"
"1524","1150532","1508877788","Crystal Jencks, MD","Dr. Stacy Jane Lamers, DO"
"1524","1150532","1508877788","Crystal Jencks, MD","Saint Alphonsus Medical Group Meridian Health Plaza Internal Medicine"
"1524","1150532","1508877788","Crystal Jencks, MD","Saint Alphonsus Medical Group - Heart Care"
"1524","1150532","1508877788","Crystal Jencks, MD","Saint Alphonsus Medical Group Meridian Health Plaza Internal Medicine"
"1524","1150532","1508877788","Crystal Jencks, MD","Shirley E. Vanzandt, NP"
"1524","1150532","1508877788","Crystal Jencks, MD","Sladich Lawrence J MD"
"1524","1150532","1508877788","Crystal Jencks, MD","Meridian Health Plaza Sleep Medicine"
"1524","1150544","1568595270","Todd Palmer, MD","Charles Boult, MD"
"1524","1150650","1730529553","Justin Parkinson, DO","Jie Yan, PA"
"1524","1150677","1013946391","Janat E. Odonnell, MD","Dr. Nirmal Biswas Charan, MD, Internal Medicine"
"1524","1150677","1013946391","Janat E. Odonnell, MD","Rebecca Legg, MD"
"1524","1150677","1013946391","Janat E. Odonnell, MD","Jennifer Kienlen, NP"
"1524","1150677","1013946391","Janat E. Odonnell, MD","Beverlee Kay Furner, NP"
"1524","1150677","1013946391","Janat E. Odonnell, MD","Dr. Anil Patel, MD: Saint Alphonsus Medical Group"
"1524","1150677","1013946391","Janat E. Odonnell, MD","Megan Rutte, PA"
"1524","1150677","1013946391","Janat E. Odonnell, MD","Christopher W. Sickel, NP"
"1524","1150677","1013946391","Janat E. Odonnell, MD","Robyn M. Jones, NP"
"1524","1150677","1013946391","Janat E. Odonnell, MD","Saint Alphonsus Pulmonary Medicine"
"1524","1150677","1013946391","Janat E. Odonnell, MD","Kimberly Ellen Drewrey, NP"
"1524","1150505","1043690175","Rebekah G. Fayette, CNM","Frances Horton, CNM"
"1524","1150505","1043690175","Rebekah G. Fayette, CNM","Dr. Julia Keith Bouchard, MD, OBGYN"
"1524","1150505","1043690175","Rebekah G. Fayette, CNM","Rieneke Diane Govreau, CNM"
"1524","1150505","1043690175","Rebekah G. Fayette, CNM","Shearer-Depp Alison MD"
"1524","1150505","1043690175","Rebekah G. Fayette, CNM","Dr. Christina M. Knutson, MD"
"1524","1150505","1043690175","Rebekah G. Fayette, CNM","Jon R. Kattenhorn, MD"
"1524","327060","1518005701","John East, MD","Dr. Nirmal Biswas Charan, MD, Internal Medicine"
"1524","327060","1518005701","John East, MD","Rebecca Legg, MD"
"1524","327060","1518005701","John East, MD","Jennifer Kienlen, NP"
"1524","327060","1518005701","John East, MD","Beverlee Kay Furner, NP"
"1524","327060","1518005701","John East, MD","Dr. Anil Patel, MD: Saint Alphonsus Medical Group"
"1524","327060","1518005701","John East, MD","Megan Rutte, PA"
"1524","327060","1518005701","John East, MD","Christopher W. Sickel, NP"
"1524","327060","1518005701","John East, MD","Robyn M. Jones, NP"
"1524","327060","1518005701","John East, MD","Saint Alphonsus Pulmonary Medicine"
"1524","327060","1518005701","John East, MD","Kimberly Ellen Drewrey, NP"
"1524","1150499","1679584577","Dennis Mcgee, MD","Amos Obadiah Haley, NP"
"1524","1150499","1679584577","Dennis Mcgee, MD","Saint Alphonsus Medical Group - Joint Preservation & Reconstruction"
"1524","1150499","1679584577","Dennis Mcgee, MD","Richard Moore, MD"
"1524","1150499","1679584577","Dennis Mcgee, MD","Pamela Kirsten Fields, NP"
"1524","115547","1730285719","Beth R. Malasky, MD","Jocelyn L. McCullough, CNS"
"1524","115547","1730285719","Beth R. Malasky, MD","Kelsey Field Babcock, PA"
"1524","115547","1730285719","Beth R. Malasky, MD","Saint Alphonsus Heart Care"
"1524","115547","1730285719","Beth R. Malasky, MD","Helen Ann Lawler, PA"
"1524","115547","1730285719","Beth R. Malasky, MD","Walter Seale, MD"
"1524","115547","1730285719","Beth R. Malasky, MD","Saint Alphonsus Women's Heart Care Clinic"
"1524","115547","1730285719","Beth R. Malasky, MD","Tobin Hill, NP"
"1524","115547","1730285719","Beth R. Malasky, MD","Jocelyn L. McCullough, CNS"
"1524","115547","1730285719","Beth R. Malasky, MD","Idaho Heart Care"
"1524","115547","1730285719","Beth R. Malasky, MD","Dr. Beth R. Malasky, MD"
"1524","115547","1730285719","Beth R. Malasky, MD","Teresa E. Morgan, CNS"
"1524","1150583","1790105518","Kristen Young, MD","Shields Heidi E MD"
"1524","1150583","1790105518","Kristen Young, MD","Amanda Dozier, NP"
"1524","1150583","1790105518","Kristen Young, MD","St. Alphonsus Medical Group Garrity/ Urgent Care"
"1524","1150583","1790105518","Kristen Young, MD","Mario Brus, MD"
"1524","1150655","1063505444","Bryan L. Braun, PA","St Alphonsus Baker Clinic"
"1524","1150655","1063505444","Bryan L. Braun, PA","Zunino Bud W ARNP"
"1524","1150655","1063505444","Bryan L. Braun, PA","Heersink Belinda R"
"1524","1150655","1063505444","Bryan L. Braun, PA","Tory Thornton, NP"
"1524","1150655","1063505444","Bryan L. Braun, PA","Saint Alphonsus Medical Group Baker City Clinic Internal Medicine"
"1524","1150655","1063505444","Bryan L. Braun, PA","Dr. Brandon Garry Isaacs, DO"
"1524","1150501","1225354244","Robert Abram Swensen, DPM","Saint Alphonsus Coughlin Foot & Ankle"
"1524","1150501","1225354244","Robert Abram Swensen, DPM","Dr. Craig Haytmanek, Orthopedic Surgeon"
"1524","1150501","1225354244","Robert Abram Swensen, DPM","OnlineFootSolutions"
"1524","1150513","1649212119","Christina M. Knutson, MD","Frances Horton, CNM"
"1524","1150513","1649212119","Christina M. Knutson, MD","Dr. Julia Keith Bouchard, MD, OBGYN"
"1524","1150513","1649212119","Christina M. Knutson, MD","Rieneke Diane Govreau, CNM"
"1524","1150513","1649212119","Christina M. Knutson, MD","Shearer-Depp Alison MD"
"1524","1150513","1649212119","Christina M. Knutson, MD","Dr. Christina M. Knutson, MD"
"1524","1150513","1649212119","Christina M. Knutson, MD","Jon R. Kattenhorn, MD"
"1524","1150627","1811942543","Steven L. Writer, MD","Jocelyn L. McCullough, CNS"
"1524","1150627","1811942543","Steven L. Writer, MD","Kelsey Field Babcock, PA"
"1524","1150627","1811942543","Steven L. Writer, MD","Saint Alphonsus Heart Care"
"1524","1150627","1811942543","Steven L. Writer, MD","Helen Ann Lawler, PA"
"1524","1150627","1811942543","Steven L. Writer, MD","Walter Seale, MD"
"1524","1150627","1811942543","Steven L. Writer, MD","Saint Alphonsus Women's Heart Care Clinic"
"1524","1150627","1811942543","Steven L. Writer, MD","Tobin Hill, NP"
"1524","1150627","1811942543","Steven L. Writer, MD","Jocelyn L. McCullough, CNS"
"1524","1150627","1811942543","Steven L. Writer, MD","Idaho Heart Care"
"1524","1150627","1811942543","Steven L. Writer, MD","Teresa E. Morgan, CNS"
"1524","1150536","1811964570","Jeffrey L. Scott, DO","Autumn M Freeland, PA"
"1524","1150536","1811964570","Jeffrey L. Scott, DO","Fred W. Fender, MD"
"1524","1150536","1811964570","Jeffrey L. Scott, DO","Dr. Stacy Jane Lamers, DO"
"1524","1150536","1811964570","Jeffrey L. Scott, DO","Saint Alphonsus Medical Group Meridian Health Plaza Internal Medicine"
"1524","1150536","1811964570","Jeffrey L. Scott, DO","Saint Alphonsus Medical Group - Heart Care"
"1524","1150536","1811964570","Jeffrey L. Scott, DO","Saint Alphonsus Medical Group Meridian Health Plaza Internal Medicine"
"1524","1150536","1811964570","Jeffrey L. Scott, DO","Shirley E. Vanzandt, NP"
"1524","1150536","1811964570","Jeffrey L. Scott, DO","Sladich Lawrence J MD"
"1524","1150536","1811964570","Jeffrey L. Scott, DO","Meridian Health Plaza Sleep Medicine"
"1524","1495959","12A2","12th Avenue Clinic Family Medicine","12th Avenue Family Medicine | Saint Alphonsus"
"1524","1495959","12A2","12th Avenue Clinic Family Medicine","Jessica Wohlschlegel, PA"
"1524","1495959","12A2","12th Avenue Clinic Family Medicine","Hutchings Randall H MD"
"1524","1150417","BOBGYN6","Boise OB/GYN","Frances Horton, CNM"
"1524","1150417","BOBGYN6","Boise OB/GYN","Dr. Julia Keith Bouchard, MD, OBGYN"
"1524","1150417","BOBGYN6","Boise OB/GYN","Rieneke Diane Govreau, CNM"
"1524","1150417","BOBGYN6","Boise OB/GYN","Shearer-Depp Alison MD"
"1524","1150417","BOBGYN6","Boise OB/GYN","Dr. Christina M. Knutson, MD"
"1524","1150417","BOBGYN6","Boise OB/GYN","Jon R. Kattenhorn, MD"
"1524","1150506","1598063851","Stacy Fish, PA","Frances Horton, CNM"
"1524","1150506","1598063851","Stacy Fish, PA","Dr. Julia Keith Bouchard, MD, OBGYN"
"1524","1150506","1598063851","Stacy Fish, PA","Rieneke Diane Govreau, CNM"
"1524","1150506","1598063851","Stacy Fish, PA","Shearer-Depp Alison MD"
"1524","1150506","1598063851","Stacy Fish, PA","Dr. Christina M. Knutson, MD"
"1524","1150506","1598063851","Stacy Fish, PA","Jon R. Kattenhorn, MD"
"1524","1150614","1730194150","Ilyas Colombowala, MD","Jocelyn L. McCullough, CNS"
"1524","1150614","1730194150","Ilyas Colombowala, MD","Kelsey Field Babcock, PA"
"1524","1150614","1730194150","Ilyas Colombowala, MD","Saint Alphonsus Heart Care"
"1524","1150614","1730194150","Ilyas Colombowala, MD","Helen Ann Lawler, PA"
"1524","1150614","1730194150","Ilyas Colombowala, MD","Walter Seale, MD"
"1524","1150614","1730194150","Ilyas Colombowala, MD","Saint Alphonsus Women's Heart Care Clinic"
"1524","1150614","1730194150","Ilyas Colombowala, MD","Tobin Hill, NP"
"1524","1150614","1730194150","Ilyas Colombowala, MD","Jocelyn L. McCullough, CNS"
"1524","1150614","1730194150","Ilyas Colombowala, MD","Idaho Heart Care"
"1524","1150614","1730194150","Ilyas Colombowala, MD","Teresa E. Morgan, CNS"
"1524","1224882","1629037866","Alison Schick, MD","12th Avenue Family Medicine | Saint Alphonsus"
"1524","1224882","1629037866","Alison Schick, MD","Jessica Wohlschlegel, PA"
"1524","1224882","1629037866","Alison Schick, MD","Hutchings Randall H MD"
"1524","1150555","1013342468","Polina A. Kokoulina, PA","John Jarrell, MD"
"1524","1150555","1013342468","Polina A. Kokoulina, PA","Saint Alphonsus Medical Group Comprehensive Breast Surgery"
"1524","1150555","1013342468","Polina A. Kokoulina, PA","Polina A. Kokoulina, PA"
"1524","1150555","1013342468","Polina A. Kokoulina, PA","Gerard Patrick Connor, MD"
"1524","1150472","1053555326","Jee Hur, MD","Sam M. Summers, MD"
"1524","1150579","1164596557","Brigitta Lavergne, MD","Shields Heidi E MD"
"1524","1150579","1164596557","Brigitta Lavergne, MD","Amanda Dozier, NP"
"1524","1150579","1164596557","Brigitta Lavergne, MD","St. Alphonsus Medical Group Garrity/ Urgent Care"
"1524","1150579","1164596557","Brigitta Lavergne, MD","Mario Brus, MD"
"1524","1150529","1194792473","Arlene C. Hartley, PA","Autumn M Freeland, PA"
"1524","1150529","1194792473","Arlene C. Hartley, PA","Fred W. Fender, MD"
"1524","1150529","1194792473","Arlene C. Hartley, PA","Dr. Stacy Jane Lamers, DO"
"1524","1150529","1194792473","Arlene C. Hartley, PA","Saint Alphonsus Medical Group Meridian Health Plaza Internal Medicine"
"1524","1150529","1194792473","Arlene C. Hartley, PA","Saint Alphonsus Medical Group - Heart Care"
"1524","1150529","1194792473","Arlene C. Hartley, PA","Saint Alphonsus Medical Group Meridian Health Plaza Internal Medicine"
"1524","1150529","1194792473","Arlene C. Hartley, PA","Shirley E. Vanzandt, NP"
"1524","1150529","1194792473","Arlene C. Hartley, PA","Sladich Lawrence J MD"
"1524","1150529","1194792473","Arlene C. Hartley, PA","Meridian Health Plaza Sleep Medicine"
"1524","269162","1205879483","Shana L. Tubach, MD","Dr. Jennifer Jane King, MD"
"1524","269162","1205879483","Shana L. Tubach, MD","Kiehl Joseph MD"
"1524","1150684","1356308316","Shane Andrew, DO","Saint Alphonsus Orthopedics Clinic"
"1524","1150684","1356308316","Shane Andrew, DO","Todd Michael Otstot, PA"
"1524","1150684","1356308316","Shane Andrew, DO","Dr. Shane Alexander Andrew, DO"
"1524","1150684","1356308316","Shane Andrew, DO","Keith G. Holley, MD"
"1524","1150684","1356308316","Shane Andrew, DO","Keith Holley, MD"
"1524","1150496","1659691210","Wesley Flint, MD","Saint Alphonsus Coughlin Foot & Ankle"
"1524","1150496","1659691210","Wesley Flint, MD","Dr. Craig Haytmanek, Orthopedic Surgeon"
"1524","1150496","1659691210","Wesley Flint, MD","OnlineFootSolutions"
"1524","1150549","1730432352","Jessica L. Butterfield, NP","Rebecca Bishop, PA"
"1524","1150549","1730432352","Jessica L. Butterfield, NP","Laura Lynne Asaro, NP"
"1524","1150549","1730432352","Jessica L. Butterfield, NP","Jennifer L. Suida, CRNP"
"1524","1150549","1730432352","Jessica L. Butterfield, NP","Langerak Alan D MD"
"1524","1150549","1730432352","Jessica L. Butterfield, NP","Dr. Timothy E. Sawyer, MD"
"1524","1150549","1730432352","Jessica L. Butterfield, NP","Dr. Joseph P. Brooks, MD"
"1524","1150549","1730432352","Jessica L. Butterfield, NP","Dr. Kerry P. Pulver, MD"
"1524","1150549","1730432352","Jessica L. Butterfield, NP","Saint Alphonsusl: Cancer Care Center"
"1524","1150502","1740255504","Shashi Ajmani, MD","Frances Horton, CNM"
"1524","1150502","1740255504","Shashi Ajmani, MD","Dr. Julia Keith Bouchard, MD, OBGYN"
"1524","1150502","1740255504","Shashi Ajmani, MD","Rieneke Diane Govreau, CNM"
"1524","1150502","1740255504","Shashi Ajmani, MD","Shearer-Depp Alison MD"
"1524","1150502","1740255504","Shashi Ajmani, MD","Dr. Christina M. Knutson, MD"
"1524","1150502","1740255504","Shashi Ajmani, MD","Jon R. Kattenhorn, MD"
"1524","1150630","1811942816","Naya Antink, MD","Dr. Jennifer Jane King, MD"
"1524","1150630","1811942816","Naya Antink, MD","Kiehl Joseph MD"
"1524","1150642","1710978036","Jason Quinn, MD","Dr. Eric L. Johnson, MD"
"1524","1150642","1710978036","Jason Quinn, MD","Susan Mary McMullen, NP"
"1524","48889","1730275876","James W. Gardner, MD","St Alphonsus Medical Group: Gardner James MD"
"1524","1150678","1811987076","Erin L. Proctor, PA","Dr. Nirmal Biswas Charan, MD, Internal Medicine"
"1524","1150678","1811987076","Erin L. Proctor, PA","Rebecca Legg, MD"
"1524","1150678","1811987076","Erin L. Proctor, PA","Jennifer Kienlen, NP"
"1524","1150678","1811987076","Erin L. Proctor, PA","Beverlee Kay Furner, NP"
"1524","1150678","1811987076","Erin L. Proctor, PA","Dr. Anil Patel, MD: Saint Alphonsus Medical Group"
"1524","1150678","1811987076","Erin L. Proctor, PA","Megan Rutte, PA"
"1524","1150678","1811987076","Erin L. Proctor, PA","Christopher W. Sickel, NP"
"1524","1150678","1811987076","Erin L. Proctor, PA","Robyn M. Jones, NP"
"1524","1150678","1811987076","Erin L. Proctor, PA","Saint Alphonsus Pulmonary Medicine"
"1524","1150678","1811987076","Erin L. Proctor, PA","Kimberly Ellen Drewrey, NP"
"1524","1150636","1982864278","Alanna C. Moore, PA","Dr. Jennifer Jane King, MD"
"1524","1150636","1982864278","Alanna C. Moore, PA","Kiehl Joseph MD"
"1524","1150480","1841604089","Jared Thompson, DO","Sam M. Summers, MD"
"1524","327066","1881739076","Michael J. Hoilien, DO","Saint Alphonsus Medical Group"
"1524","327066","1881739076","Michael J. Hoilien, DO","Kim Wilson, PA"
"1524","1150399","BOW5","Bown Crossing Health Plaza Urgent Care","Denise R. Bahadar, NP"
"1524","1150540","1891057246","Kara Kuntz, MD","Charles Boult, MD"
"1524","1150465","1861434961","David G. Babbel, DO","Sam M. Summers, MD"
"1524","1150582","1871588632","Michael John Wheaton, MD","Shields Heidi E MD"
"1524","1150582","1871588632","Michael John Wheaton, MD","Amanda Dozier, NP"
"1524","1150582","1871588632","Michael John Wheaton, MD","St. Alphonsus Medical Group Garrity/ Urgent Care"
"1524","1150582","1871588632","Michael John Wheaton, MD","Mario Brus, MD"
"1524","1150428","FRU1","Fruitland Health Plaza","Saint Alphonsus Medical Group"
"1524","1150440","GAR2","Garrity Campus Clinic Family Medicine","Shields Heidi E MD"
"1524","1150440","GAR2","Garrity Campus Clinic Family Medicine","Amanda Dozier, NP"
"1524","1150440","GAR2","Garrity Campus Clinic Family Medicine","St. Alphonsus Medical Group Garrity/ Urgent Care"
"1524","1150440","GAR2","Garrity Campus Clinic Family Medicine","Mario Brus, MD"
"1524","1150447","KAR5","Karcher Clinic Urgent Care","Saint Alphonsus Urgent Care"
"1524","1150433","KUN5","Kuna Clinic Urgent Care","Jie Yan, PA"
"1524","1150435","MER1","Meridian Health Plaza","Saint Alphonsus Medical Group Meridian Health Plaza Internal Medicine"
"1524","1150435","MER1","Meridian Health Plaza","Saint Alphonsus Medical Group - Heart Care"
"1524","1150435","MER1","Meridian Health Plaza","Meridian Health Plaza Sleep Medicine"
"1524","1150435","MER1","Meridian Health Plaza","Autumn M Freeland, PA"
"1524","1150435","MER1","Meridian Health Plaza","Fred W. Fender, MD"
"1524","1150435","MER1","Meridian Health Plaza","Dr. Stacy Jane Lamers, DO"
"1524","1150435","MER1","Meridian Health Plaza","Saint Alphonsus Medical Group Meridian Health Plaza Internal Medicine"
"1524","1150435","MER1","Meridian Health Plaza","Shirley E. Vanzandt, NP"
"1524","1150435","MER1","Meridian Health Plaza","Sladich Lawrence J MD"
"1524","1150414","OVE2","Overland Clinic Family Medicine","Jill Konrad, NP"
"1524","1150395","BAK2","Baker City Clinic Family Medicine","St Alphonsus Baker Clinic"
"1524","1150395","BAK2","Baker City Clinic Family Medicine","Zunino Bud W ARNP"
"1524","1150395","BAK2","Baker City Clinic Family Medicine","Heersink Belinda R"
"1524","1150395","BAK2","Baker City Clinic Family Medicine","Tory Thornton, NP"
"1524","1150395","BAK2","Baker City Clinic Family Medicine","Saint Alphonsus Medical Group Baker City Clinic Internal Medicine"
"1524","1150395","BAK2","Baker City Clinic Family Medicine","Dr. Brandon Garry Isaacs, DO"
"1524","1150439","GAR1","Garrity Campus Clinic","Shields Heidi E MD"
"1524","1150439","GAR1","Garrity Campus Clinic","Amanda Dozier, NP"
"1524","1150439","GAR1","Garrity Campus Clinic","St. Alphonsus Medical Group Garrity/ Urgent Care"
"1524","1150439","GAR1","Garrity Campus Clinic","Mario Brus, MD"
"1524","327064","1972690774","Leslie W. Jackson, MD","St Alphonsus Baker Clinic"
"1524","327064","1972690774","Leslie W. Jackson, MD","Zunino Bud W ARNP"
"1524","327064","1972690774","Leslie W. Jackson, MD","Heersink Belinda R"
"1524","327064","1972690774","Leslie W. Jackson, MD","Tory Thornton, NP"
"1524","327064","1972690774","Leslie W. Jackson, MD","Saint Alphonsus Medical Group Baker City Clinic Internal Medicine"
"1524","327064","1972690774","Leslie W. Jackson, MD","Dr. Brandon Garry Isaacs, DO"
"1524","1150432","KUN2","Kuna Clinic Family Medicine","Jie Yan, PA"
"1524","1150415","CUR1","Curtisian Clinic","Dr. Naveed Fazlani, MD"
"1524","1150416","CUR4","Curtisian Clinic Internal Medicine","Dr. Naveed Fazlani, MD"
"1524","1150419","ELM1","Elm Clinic","Sam M. Summers, MD"
"1524","1150404","BEN2","Boise Bench Clinic Family Medicine","Dr. Margaret Cook, MD"
"1524","1150635","1902940570","John Joseph Kiehl, MD","Dr. Jennifer Jane King, MD"
"1524","1150635","1902940570","John Joseph Kiehl, MD","Kiehl Joseph MD"
"1524","1150503","1932547338","Paula Durst, DO","Frances Horton, CNM"
"1524","1150503","1932547338","Paula Durst, DO","Dr. Julia Keith Bouchard, MD, OBGYN"
"1524","1150503","1932547338","Paula Durst, DO","Rieneke Diane Govreau, CNM"
"1524","1150503","1932547338","Paula Durst, DO","Shearer-Depp Alison MD"
"1524","1150503","1932547338","Paula Durst, DO","Dr. Christina M. Knutson, MD"
"1524","1150503","1932547338","Paula Durst, DO","Jon R. Kattenhorn, MD"
"1524","1150406","CGH1","Center for Global Health and Healing","Saint Alphonsus Medical Group"
"1524","1150441","GAR3","Garrity Campus Clinic Pediatrics","Shields Heidi E MD"
"1524","1150441","GAR3","Garrity Campus Clinic Pediatrics","Amanda Dozier, NP"
"1524","1150441","GAR3","Garrity Campus Clinic Pediatrics","St. Alphonsus Medical Group Garrity/ Urgent Care"
"1524","1150441","GAR3","Garrity Campus Clinic Pediatrics","Mario Brus, MD"
"1524","1150623","1972759124","Michael E. Rich, MD","Jocelyn L. McCullough, CNS"
"1524","1150623","1972759124","Michael E. Rich, MD","Kelsey Field Babcock, PA"
"1524","1150623","1972759124","Michael E. Rich, MD","Saint Alphonsus Heart Care"
"1524","1150623","1972759124","Michael E. Rich, MD","Helen Ann Lawler, PA"
"1524","1150623","1972759124","Michael E. Rich, MD","Walter Seale, MD"
"1524","1150623","1972759124","Michael E. Rich, MD","Saint Alphonsus Women's Heart Care Clinic"
"1524","1150623","1972759124","Michael E. Rich, MD","Tobin Hill, NP"
"1524","1150623","1972759124","Michael E. Rich, MD","Jocelyn L. McCullough, CNS"
"1524","1150623","1972759124","Michael E. Rich, MD","Idaho Heart Care"
"1524","1150623","1972759124","Michael E. Rich, MD","Teresa E. Morgan, CNS"
"1524","1150394","BAK1","Baker City Clinic","St Alphonsus Baker Clinic"
"1524","1150394","BAK1","Baker City Clinic","Zunino Bud W ARNP"
"1524","1150394","BAK1","Baker City Clinic","Heersink Belinda R"
"1524","1150394","BAK1","Baker City Clinic","Tory Thornton, NP"
"1524","1150394","BAK1","Baker City Clinic","Saint Alphonsus Medical Group Baker City Clinic Internal Medicine"
"1524","1150394","BAK1","Baker City Clinic","Dr. Brandon Garry Isaacs, DO"
"1524","1150407","INT2","International Clinic Family Medicine","Saint Alphonsus Medical Group"
"1524","1150413","OVE1","Overland Clinic","Jill Konrad, NP"
"1524","1528917","1659504314","Mark Cheney, DO","Autumn M Freeland, PA"
"1524","1528917","1659504314","Mark Cheney, DO","Fred W. Fender, MD"
"1524","1528917","1659504314","Mark Cheney, DO","Dr. Stacy Jane Lamers, DO"
"1524","1528917","1659504314","Mark Cheney, DO","Saint Alphonsus Medical Group Meridian Health Plaza Internal Medicine"
"1524","1528917","1659504314","Mark Cheney, DO","Saint Alphonsus Medical Group - Heart Care"
"1524","1528917","1659504314","Mark Cheney, DO","Saint Alphonsus Medical Group Meridian Health Plaza Internal Medicine"
"1524","1528917","1659504314","Mark Cheney, DO","Shirley E. Vanzandt, NP"
"1524","1528917","1659504314","Mark Cheney, DO","Sladich Lawrence J MD"
"1524","1528917","1659504314","Mark Cheney, DO","Meridian Health Plaza Sleep Medicine"
"1524","1150587","1932169042","Cary V. Jackson, MD","Saint Alphonsus Pulmonary and Sleep Medicine Clinic"
"1524","1150587","1932169042","Cary V. Jackson, MD","Dr. Danny Jay Hendrickson, MD"
"1524","1641494","1043527286","Graham Donald, MD","Wes Arlein, MD"
"1524","1150434","COP2","Copper Point Clinic Family Medicine","Saint Alphonsus Family Medicine - Copper Point"
"1524","1150687","1942291521","Miers Johnson, MD","Saint Alphonsus Orthopedics Clinic"
"1524","1150687","1942291521","Miers Johnson, MD","Todd Michael Otstot, PA"
"1524","1150687","1942291521","Miers Johnson, MD","Dr. Shane Alexander Andrew, DO"
"1524","1150687","1942291521","Miers Johnson, MD","Keith G. Holley, MD"
"1524","1150687","1942291521","Miers Johnson, MD","Keith Holley, MD"
"1524","1150418","BPEDS3","Boise Pediatrics","Dr. Jennifer Jane King, MD"
"1524","1150418","BPEDS3","Boise Pediatrics","Kiehl Joseph MD"
"1524","1150563","1932137684","Esther M. Sears, NP","Rebecca Bishop, PA"
"1524","1150563","1932137684","Esther M. Sears, NP","Laura Lynne Asaro, NP"
"1524","1150563","1932137684","Esther M. Sears, NP","Jennifer L. Suida, CRNP"
"1524","1150563","1932137684","Esther M. Sears, NP","Langerak Alan D MD"
"1524","1150563","1932137684","Esther M. Sears, NP","Dr. Timothy E. Sawyer, MD"
"1524","1150563","1932137684","Esther M. Sears, NP","Dr. Joseph P. Brooks, MD"
"1524","1150563","1932137684","Esther M. Sears, NP","Dr. Kerry P. Pulver, MD"
"1524","1150563","1932137684","Esther M. Sears, NP","Saint Alphonsusl: Cancer Care Center"
"1524","1150403","BEN1","Boise Bench Clinic","Dr. Margaret Cook, MD"
"1524","1150430","FRU5","Fruitland Health Plaza Urgent Care","Saint Alphonsus Medical Group"
"1524","1150430","FRU5","Fruitland Health Plaza Urgent Care","Kim Wilson, PA"
"1524","1150431","KUN1","Kuna Clinic","Jie Yan, PA"
"1524","1150507","1891184115","Kristin Gomes, CNM","Frances Horton, CNM"
"1524","1150507","1891184115","Kristin Gomes, CNM","Dr. Julia Keith Bouchard, MD, OBGYN"
"1524","1150507","1891184115","Kristin Gomes, CNM","Rieneke Diane Govreau, CNM"
"1524","1150507","1891184115","Kristin Gomes, CNM","Shearer-Depp Alison MD"
"1524","1150507","1891184115","Kristin Gomes, CNM","Dr. Christina M. Knutson, MD"
"1524","1150507","1891184115","Kristin Gomes, CNM","Jon R. Kattenhorn, MD"
"1524","1150497","1952537060","Darin Jurgensmeier, MD","Amos Obadiah Haley, NP"
"1524","1150497","1952537060","Darin Jurgensmeier, MD","Saint Alphonsus Medical Group - Joint Preservation & Reconstruction"
"1524","1150497","1952537060","Darin Jurgensmeier, MD","Richard Moore, MD"
"1524","1150497","1952537060","Darin Jurgensmeier, MD","Pamela Kirsten Fields, NP"
"1524","269164","1982835385","Victoria C. Wilding, MD","Patrick E. Farrell, MD"
"1524","269164","1982835385","Victoria C. Wilding, MD","Saint Alphonsus Comprehensive Pain & Spine Clinic"
"1524","269164","1982835385","Victoria C. Wilding, MD","Erin Welch, NP"
"1524","269164","1982835385","Victoria C. Wilding, MD","Dr. Helen A. Holley, PhD"
"1524","1150442","GAR5","Garrity Campus Clinic Urgent Care","Saint Alphonsus Medical Group Nampa Health Plaza Urgent Care"
"1524","1641490","1285699165","Christopher Reising, MD","Bren Heaton, MD"
"1524","48890","1861690745","Jennifer Biggerstaff, MD","Saint Alphonsus Medical Group"
"1524","1150427","EAG4","Eagle Health Plaza Internal Medicine","Saint Alphonsus Medical Group Eagle Health Plaza Internal Medicine"
"1524","48888","1881828010","Guillermo M. Guzman-Trevino, MD","Guillermo M. Guzman-Trevino, MD"
"1524","48888","1881828010","Guillermo M. Guzman-Trevino, MD","Randall Rudeen, MD"
"1524","48888","1881828010","Guillermo M. Guzman-Trevino, MD","Maribel Serrano, MD"
"1524","1150400","EME1","Emerald Clinic","Family Medicine Health Center Emerald Clinic"
"1524","1150438","MER5","Meridian Health Plaza Urgent Care","St Alphonsus Meridian"
"1524","1150570","1952339434","Jeffery L. Reimers, PA","12th Avenue Family Medicine | Saint Alphonsus"
"1524","1150570","1952339434","Jeffery L. Reimers, PA","Jessica Wohlschlegel, PA"
"1524","1150570","1952339434","Jeffery L. Reimers, PA","Hutchings Randall H MD"
"1524","1150421","ELM3","Elm Clinic Pediatrics","Sam M. Summers, MD"
"1524","1150429","FRU2","Fruitland Health Plaza Family Medicine","Saint Alphonsus Medical Group"
"1524","1150436","MER2","Meridian Health Plaza Family Medicine","Autumn M Freeland, PA"
"1524","1150436","MER2","Meridian Health Plaza Family Medicine","Fred W. Fender, MD"
"1524","1150436","MER2","Meridian Health Plaza Family Medicine","Dr. Stacy Jane Lamers, DO"
"1524","1150436","MER2","Meridian Health Plaza Family Medicine","Saint Alphonsus Medical Group Meridian Health Plaza Internal Medicine"
"1524","1150436","MER2","Meridian Health Plaza Family Medicine","Saint Alphonsus Medical Group - Heart Care"
"1524","1150436","MER2","Meridian Health Plaza Family Medicine","Saint Alphonsus Medical Group Meridian Health Plaza Internal Medicine"
"1524","1150436","MER2","Meridian Health Plaza Family Medicine","Shirley E. Vanzandt, NP"
"1524","1150436","MER2","Meridian Health Plaza Family Medicine","Sladich Lawrence J MD"
"1524","1150436","MER2","Meridian Health Plaza Family Medicine","Meridian Health Plaza Sleep Medicine"
"1524","1653683","1598192676","Louie Beech, PA","12th Avenue Family Medicine | Saint Alphonsus"
"1524","1653683","1598192676","Louie Beech, PA","Jessica Wohlschlegel, PA"
"1524","1653683","1598192676","Louie Beech, PA","Hutchings Randall H MD"
"1524","1641492","1144544644","Jeffrey Heslop, MD","Jocelyn L. McCullough, CNS"
"1524","1641492","1144544644","Jeffrey Heslop, MD","Kelsey Field Babcock, PA"
"1524","1641492","1144544644","Jeffrey Heslop, MD","Saint Alphonsus Heart Care"
"1524","1641492","1144544644","Jeffrey Heslop, MD","Helen Ann Lawler, PA"
"1524","1641492","1144544644","Jeffrey Heslop, MD","Walter Seale, MD"
"1524","1641492","1144544644","Jeffrey Heslop, MD","Saint Alphonsus Women's Heart Care Clinic"
"1524","1641492","1144544644","Jeffrey Heslop, MD","Tobin Hill, NP"
"1524","1641492","1144544644","Jeffrey Heslop, MD","Jocelyn L. McCullough, CNS"
"1524","1641492","1144544644","Jeffrey Heslop, MD","Idaho Heart Care"
"1524","1641492","1144544644","Jeffrey Heslop, MD","Teresa E. Morgan, CNS"
"1524","1641493","1235493206","Jenn J. Jin, MD","Amos Obadiah Haley, NP"
"1524","1641493","1235493206","Jenn J. Jin, MD","Saint Alphonsus Medical Group - Joint Preservation & Reconstruction"
"1524","1641493","1235493206","Jenn J. Jin, MD","Richard Moore, MD"
"1524","1641493","1235493206","Jenn J. Jin, MD","Pamela Kirsten Fields, NP"
"1524","1641495","1326590498","Katrina Merrell, PA","Autumn M Freeland, PA"
"1524","1641495","1326590498","Katrina Merrell, PA","Fred W. Fender, MD"
"1524","1641495","1326590498","Katrina Merrell, PA","Dr. Stacy Jane Lamers, DO"
"1524","1641495","1326590498","Katrina Merrell, PA","Saint Alphonsus Medical Group Meridian Health Plaza Internal Medicine"
"1524","1641495","1326590498","Katrina Merrell, PA","Saint Alphonsus Medical Group - Heart Care"
"1524","1641495","1326590498","Katrina Merrell, PA","Saint Alphonsus Medical Group Meridian Health Plaza Internal Medicine"
"1524","1641495","1326590498","Katrina Merrell, PA","Shirley E. Vanzandt, NP"
"1524","1641495","1326590498","Katrina Merrell, PA","Sladich Lawrence J MD"
"1524","1641495","1326590498","Katrina Merrell, PA","Meridian Health Plaza Sleep Medicine"
"1524","1641487","1821150285","Shauna Williams, MD","Anna Hoskins, PA-C"
"1524","1641484","1386612414","Johnny Green, MD","Dr. Johnny B. Green, MD"
"1524","1641484","1386612414","Johnny Green, MD","Anna Hoskins, PA-C"
"1524","1641488","1760903363","Sheev Dattani, MD","Anna Hoskins, PA-C"
"1524","2278605","1497153266","Shane Haas, PA","Saint Alphonsus Coughlin Foot & Ankle"
"1524","2278605","1497153266","Shane Haas, PA","Dr. Craig Haytmanek, Orthopedic Surgeon"
"1524","2278605","1497153266","Shane Haas, PA","OnlineFootSolutions"
"1524","2278606","1255867552","Erin Brown, PA","Saint Alphonsus Coughlin Foot & Ankle"
"1524","2278606","1255867552","Erin Brown, PA","Dr. Craig Haytmanek, Orthopedic Surgeon"
"1524","2278606","1255867552","Erin Brown, PA","OnlineFootSolutions"
"1524","2278603","1306387329","Elizabeth Cablik, NP","Saint Alphonsus Coughlin Foot & Ankle"
"1524","2278603","1306387329","Elizabeth Cablik, NP","Dr. Craig Haytmanek, Orthopedic Surgeon"
"1524","2278603","1306387329","Elizabeth Cablik, NP","OnlineFootSolutions"
"1524","1919357","1629370861","Hafid Mantilla, MD","Saint Alphonsus Pediatrics"
"1524","1919357","1629370861","Hafid Mantilla, MD","Oasis Medical Center"
"1524","1919357","1629370861","Hafid Mantilla, MD","Saint Alphonsus Medical Group"
"1524","1150491","1245206648","Kirk Prodzinski, DO","Saint Alphonsus Medical Group Boise Bench Urgent Care"
"1524","1150491","1245206648","Kirk Prodzinski, DO","Saint Alphonsus Boise Bench Clinic Family Medicine"
"1524","1150491","1245206648","Kirk Prodzinski, DO","Saint Alphonsus Boise Bench Clinic"
"1524","1150589","1124017652","Richard Davis, MD","Davis Richard T MD"
"1524","1150643","1598008419","Anne M. Ingram, PA","Barry L. Acor, MD"
"1524","1150646","1497172555","Christina Sweet, PA","Barry L. Acor, MD"
"1524","1150429","FRU2","Fruitland Health Plaza Family Medicine","Barry L. Acor, MD"
"1524","1150428","FRU1","Fruitland Health Plaza","Barry L. Acor, MD"
"1524","1150519","1649253188","Delray Maughan, MD","DelRay Maughan, M.D."